{
  "mode": "quick",
  "steps": 200,
  "final_val_mse": 0.01049512,
  "baseline_val_mse": 0.08377936,
  "elapsed_seconds": 31.1,
  "timestamp": "2026-06-10T12:38:34"
}